name,price,formule,nb_etoiles,rating,city,distance_centre_ville,agency_name,nbr_travellers,creation_date,prix_2025,prix_2024_winter,prix_2024_fall,prix_2024_summer,prix_2024_spring,prix_2023_winter,prix_2023_fall,prix_2023_summer,prix_2023_spring,prix_2022_winter,prix_2022_fall,prix_2022_summer,prix_2022_spring,prix_2021_winter,prix_2021_fall,prix_2021_summer,prix_2021_spring,prix_2020_winter,prix_2020_fall,prix_2020_summer,prix_2020_spring,prix_2019_winter,prix_2019_fall,prix_2019_summer,prix_2019_spring,prix_2018_winter,prix_2018_fall,prix_2018_summer,prix_2018_spring
Iris Djerba Hotel & Thalasso,151.417,Logement Simple,5,11.5,Djerba,19.81,touring,783,01/01/1964,151.417,159.11,139.36,161.74,142.64,157.35,137.28,159.54,140.04,153.31,131.64,148.53,130.87,143.04,120.7,141.84,123.62,129.4,135.61,149.18,116.57,139.38,108.64,135.28,129.58,124.83,123.26,130.66,109.85
Olympic Djerba,160.23,Logement Petit Déjeuner,2,13.0,Djerba,40.04,touring,781,13/08/1951,160.23,165.27,146.9,174.05,148.26,166.05,146.12,170.08,150.44,151.73,131.78,159.81,135.46,143.38,132.16,145.32,131.73,160.9,132.18,155.23,137.19,144.46,114.92,133.77,124.03,159.26,123.82,129.6,138.84
Hotel Mizwar,173.964,Logement Petit Déjeuner,5,10.1,Djerba,26.68,touring,542,22/11/1969,173.964,181.03,163.61,188.89,161.59,171.3,161.07,178.02,163.9,178.47,151.47,182.96,150.82,169.15,147.35,172.92,142.58,177.7,139.68,150.72,148.09,165.46,126.14,145.91,140.58,165.05,150.63,150.51,122.7
Diar Yassine,206.01,Logement Petit Déjeuner,2,16.1,Djerba,20.32,touring,736,08/05/1957,206.01,217.58,193.35,224.09,191.19,217.12,179.15,209.73,183.18,207.83,179.2,216.86,182.62,187.52,185.1,208.01,175.64,176.16,178.81,201.47,174.4,191.35,156.31,183.83,181.68,171.71,170.56,199.79,179.59
Hotel Djerba Resort,215.125,Logement Petit Déjeuner,5,16.5,Djerba,24.99,touring,240,25/04/1985,215.125,225.76,199.82,226.81,201.29,216.39,186.65,223.6,190.36,205.33,181.14,224.44,190.88,201.47,171.44,196.24,194.99,214.9,187.86,190.21,175.59,185.88,161.65,181.36,195.49,201.49,185.63,198.9,148.96
Djerba Orient,219.744,Logement Petit Déjeuner,2,14.1,Djerba,33.25,touring,948,06/10/1952,219.744,232.99,200.4,230.3,209.18,223.06,202.2,221.39,196.48,209.23,186.69,223.94,196.66,221.69,188.42,204.21,200.52,212.88,176.84,214.32,202.07,199.21,171.08,191.94,179.6,219.89,165.09,183.33,177.05
Dar Dhiafa,350.217,Logement Petit Déjeuner,5,19.5,Djerba,7.87,touring,478,16/04/1968,350.217,366.4,329.1,372.41,331.72,354.54,312.32,360.68,311.41,354.4,313.6,353.94,306.37,320.16,319.16,345.35,299.96,321.96,283.82,303.43,311.96,347.05,283.71,343.76,304.2,334.98,262.44,309.0,289.25
El Mouradi Djerba Menzel,351.606,Soft All Inclusive,3,11.8,Djerba,40.24,touring,888,20/07/1994,351.606,365.78,327.63,372.2,336.99,349.17,306.91,361.91,312.46,333.82,298.42,348.27,329.54,340.49,277.29,357.33,320.07,314.24,286.47,330.66,289.76,310.94,252.07,334.63,297.93,317.55,241.51,352.23,298.91
Grand Hotel Des Thermes,361.662,Logement Petit Déjeuner,4,20.0,Djerba,38.45,touring,950,20/12/2000,361.662,376.59,327.99,385.65,340.78,357.64,325.47,371.68,337.42,337.88,296.85,343.8,327.32,353.56,329.79,376.61,336.3,366.01,285.34,328.16,290.39,361.09,297.73,299.06,319.3,303.91,312.21,362.59,266.29
Bougainvillier Djerba,377.685,Logement Petit Déjeuner,2,18.2,Djerba,4.05,touring,848,04/01/1970,377.685,394.32,350.23,406.05,354.24,382.26,341.26,379.2,339.02,377.62,320.1,359.64,346.65,355.19,316.41,362.92,345.45,382.44,288.02,365.13,346.67,354.71,332.16,389.94,330.9,344.97,316.5,316.18,318.08
Sidi Mansour Djerba,480.69,Soft All Inclusive,4,19.1,Djerba,47.42,touring,791,23/02/1968,480.69,499.87,445.6,505.45,448.69,499.3,441.18,480.21,451.23,450.28,423.14,473.16,414.67,476.13,423.29,493.57,437.6,459.57,431.17,477.67,438.91,464.94,407.21,411.41,434.45,446.12,405.27,447.87,428.7
Fiesta Beach,489.846,Soft All Inclusive,5,16.8,Djerba,37.26,touring,472,21/04/1974,489.846,522.89,447.83,533.05,463.91,494.75,433.73,489.88,461.73,482.83,449.38,502.6,410.53,490.15,412.13,485.9,445.49,480.64,435.64,493.02,376.64,422.17,427.46,406.17,437.82,400.12,340.0,433.32,425.12
Hotel Riadh Meninx,563.094,Soft All Inclusive,4,16.0,Djerba,0.92,touring,711,05/08/1970,563.094,600.76,521.1,593.99,537.55,593.75,487.23,578.28,510.25,545.52,462.57,560.54,495.32,521.24,454.4,520.28,473.66,573.02,475.21,506.69,445.72,517.54,420.27,523.58,411.23,515.28,457.04,498.97,390.46
Club Calimera Yati Beach,576.828,Soft All Inclusive,5,18.1,Djerba,47.8,touring,797,06/02/1969,576.828,616.22,523.51,609.83,538.71,579.27,529.97,578.81,511.6,575.19,476.5,604.0,494.01,538.84,464.69,558.83,516.87,561.1,470.37,601.09,500.96,465.86,433.79,524.23,463.41,469.11,494.13,462.24,516.51
Royal Karthago,595.14,Soft All Inclusive,3,15.4,Djerba,12.61,touring,885,23/11/1968,595.14,627.18,554.61,637.9,570.12,629.89,543.18,608.14,555.7,567.19,520.36,602.96,503.22,616.76,510.81,569.88,542.25,505.81,503.27,559.61,503.54,502.65,511.42,544.65,532.54,571.63,413.7,588.4,482.81
Hari Club Beach Resort,601.361,"668,179 DT",5,14.3,Djerba,40.93,touring,676,10/02/1988,601.361,626.84,558.04,653.78,572.02,616.28,520.43,607.2,554.32,577.83,533.54,573.52,561.89,564.7,516.81,558.81,530.24,521.63,476.91,545.56,466.82,517.63,482.82,582.03,483.81,545.14,477.47,482.05,532.14
Hasdrubal Prestige Thalassa & Spa Djerba,652.365,Logement Petit Déjeuner,4,14.3,Djerba,41.08,touring,111,24/02/2008,652.365,672.93,599.51,693.74,625.32,690.18,581.33,692.15,609.18,669.57,547.61,645.54,605.64,598.04,549.64,596.89,597.17,574.55,551.52,680.94,584.56,626.41,513.48,595.41,559.57,616.84,558.23,564.02,550.61
Hasdrubal Thalassa & Spa Djerba,652.365,Logement Petit Déjeuner,3,18.6,Djerba,3.67,touring,146,23/09/1973,652.365,694.63,596.59,705.33,624.64,645.46,581.31,693.02,604.72,622.14,551.5,669.27,604.79,614.82,549.63,634.79,533.46,592.04,489.22,654.98,509.19,601.39,463.75,556.57,538.44,540.68,509.99,535.29,455.7
Palm Azur,678.198,Logement Petit Déjeuner,2,18.8,Djerba,48.32,touring,290,18/08/1961,678.198,713.94,624.1,714.71,649.37,685.81,602.56,727.59,613.89,664.62,560.35,652.0,620.31,700.67,574.02,647.33,568.74,645.07,536.16,585.55,541.71,565.02,603.19,696.44,612.45,631.81,599.09,612.43,510.78
Djerba Golf Resort & Spa,686.7,Soft All Inclusive,4,17.7,Djerba,27.86,touring,829,06/02/1980,686.7,730.4,639.37,723.83,658.07,721.27,639.08,705.35,610.74,700.32,624.01,662.78,630.71,643.89,591.03,693.92,613.76,669.25,581.5,651.44,584.65,666.84,493.32,640.96,501.75,583.91,524.26,640.35,552.63
Djerba Aqua Resort,686.7,Soft All Inclusive,3,17.2,Djerba,35.51,touring,597,24/11/1961,686.7,720.02,628.96,741.42,643.58,703.11,597.89,736.71,610.22,706.45,596.9,668.29,635.99,706.23,624.24,709.07,612.75,610.61,556.88,648.64,561.67,599.04,593.3,607.45,549.76,554.57,519.36,686.1,514.04
Joya paradise,709.59,Soft All Inclusive,4,16.5,Djerba,35.53,touring,958,15/08/1961,709.59,732.13,656.22,763.54,671.88,714.94,614.87,719.66,660.71,678.32,582.32,709.19,611.89,635.4,643.68,707.7,636.81,612.43,557.74,646.91,550.03,631.19,579.28,719.3,547.4,603.39,566.44,574.14,616.76
Cesar Thalasso - Adult Only,709.59,Soft All Inclusive,3,11.0,Djerba,9.01,touring,685,11/03/1976,709.59,757.33,646.42,749.37,657.2,721.2,617.62,729.39,645.87,709.02,604.8,692.67,627.45,660.0,607.4,736.72,567.97,682.96,559.85,613.84,565.92,618.42,571.59,671.26,623.25,578.87,513.62,723.88,533.5
Royal Garden Palace,915.6,Logement Petit Déjeuner,5,11.7,Djerba,23.2,touring,802,26/12/1962,915.6,970.18,830.73,967.57,855.43,919.22,841.43,943.35,852.01,930.6,822.04,943.35,776.45,916.37,726.19,832.29,734.66,810.68,798.92,826.98,699.12,904.22,799.64,898.1,735.13,704.7,734.3,770.18,725.0
Green Golf,94.25,Logement Simple,2,13.6,Hammamet,23.0,touring,595,06/11/1957,94.25,99.1,88.09,102.08,89.82,99.57,87.44,101.54,85.42,96.8,81.53,91.32,82.58,84.07,84.68,89.55,77.05,85.17,71.75,86.51,73.23,85.29,83.55,93.61,69.13,85.37,71.7,89.79,78.91
Hôtel Residence Hammamet,152.204,Logement Petit Déjeuner,2,13.0,Hammamet,16.91,touring,65,20/08/1983,152.204,161.68,139.32,164.67,140.99,160.74,136.87,157.71,139.51,158.84,130.47,160.74,130.13,141.2,133.73,143.38,138.53,134.33,121.13,137.45,126.36,125.49,113.96,131.66,113.53,123.52,119.23,142.17,122.33
Le Khalife,160.23,Logement Petit Déjeuner,2,11.0,Hammamet,0.56,touring,470,13/12/1970,160.23,164.86,148.82,173.63,149.07,167.83,139.76,161.98,144.46,151.61,137.44,166.12,143.23,159.3,135.32,157.14,139.91,163.22,127.46,139.92,145.85,146.71,132.64,131.8,143.75,152.52,135.72,138.95,131.78
Excel Yassmin Hammamet,164.808,"206,010 DT",5,19.9,Hammamet,49.7,touring,241,01/03/1981,164.808,170.27,154.01,173.11,154.85,170.02,150.32,175.28,152.96,155.81,149.38,163.46,146.93,164.12,129.16,161.85,149.56,153.82,142.73,168.61,140.89,142.19,127.18,138.68,119.71,135.1,131.17,132.18,132.57
La Playa Hôtel Club,205.99,Logement Petit Déjeuner,4,12.4,Hammamet,40.26,touring,350,22/11/1959,205.99,215.8,192.39,217.81,195.27,216.91,186.0,219.12,185.38,207.26,182.36,212.33,176.12,186.9,168.16,188.26,184.59,176.34,157.61,210.2,182.78,189.41,169.17,185.5,173.15,187.86,171.17,207.53,154.77
El Fell,233.478,Demi Pension,2,15.3,Hammamet,47.99,touring,891,03/09/1980,233.478,245.66,211.82,246.26,216.47,243.35,205.97,250.36,209.79,233.61,207.04,234.98,197.31,231.56,193.49,224.98,206.36,224.08,180.51,236.23,187.5,200.49,207.38,241.48,183.31,183.56,170.74,228.37,171.49
Residence Romane,244.923,Logement Petit Déjeuner,5,13.5,Hammamet,16.53,touring,944,26/11/1975,244.923,254.81,228.78,257.65,230.09,257.39,225.21,252.83,227.47,232.47,212.21,244.73,206.03,243.93,203.29,239.85,209.55,243.11,213.43,224.55,212.29,241.78,187.69,220.74,181.01,210.94,210.39,206.6,183.68
Marina Palace,254.733,Logement Petit Déjeuner,4,18.6,Hammamet,8.47,touring,532,03/04/1958,254.733,263.14,233.61,273.67,244.2,265.2,232.27,263.29,241.87,246.77,227.57,252.33,231.76,259.72,217.23,242.92,226.4,251.48,228.12,265.52,203.72,214.13,203.27,245.14,213.9,223.37,198.09,202.12,223.22
El Mouradi El Menzeh,271.844,Soft All Inclusive,2,19.5,Hammamet,12.37,touring,726,19/07/1971,271.844,288.33,252.38,293.19,254.99,278.44,238.81,279.29,256.03,274.65,234.77,282.52,255.27,251.38,231.1,279.84,244.72,262.13,240.58,243.41,216.7,223.82,205.26,236.43,230.66,239.72,202.39,278.48,208.03
El Mouradi Hammamet,296.261,Soft All Inclusive,3,15.2,Hammamet,4.67,touring,985,10/06/2007,296.261,316.63,275.76,313.64,273.74,309.83,272.64,301.38,269.56,285.8,252.18,307.86,267.53,288.1,253.65,291.05,251.05,260.82,255.13,275.51,262.77,240.07,227.8,301.27,242.17,245.37,216.49,253.72,236.04
Cooee President Beach & Spa,306.497,Logement Petit Déjeuner,3,19.9,Hammamet,0.72,touring,505,07/08/1965,306.497,323.69,277.92,322.96,283.81,314.77,281.61,325.22,291.38,299.22,263.23,306.79,280.67,299.74,265.03,309.19,280.01,283.31,260.25,303.3,264.65,303.61,251.48,296.94,273.67,253.28,270.54,284.46,219.32
Mehari Hammamet Thalasso & Spa,317.943,Logement Petit Déjeuner,2,12.5,Hammamet,38.07,touring,403,09/10/1961,317.943,331.78,289.42,345.81,305.29,322.7,280.53,323.94,297.57,330.7,265.09,313.66,278.87,316.37,280.82,305.01,292.24,302.58,239.36,306.46,282.82,297.07,268.96,308.28,259.19,264.19,234.31,325.73,222.17
Dar El Olf,343.35,Logement Petit Déjeuner,2,11.0,Hammamet,28.63,touring,473,06/04/1956,343.35,358.5,321.5,360.53,317.88,350.03,315.96,344.22,303.73,321.82,304.35,331.59,301.32,307.49,277.4,335.63,301.11,322.59,266.69,324.06,296.58,332.16,252.61,351.45,272.78,343.2,297.37,309.17,246.22
Aziza Beach Golf & Spa,354.761,Logement Petit Déjeuner,4,15.5,Hammamet,43.05,touring,905,25/03/1966,354.761,376.32,329.06,376.62,327.77,367.46,328.06,359.74,327.76,351.78,322.88,345.9,303.13,324.16,306.6,365.89,297.56,315.47,297.25,363.29,291.06,286.94,295.79,331.43,302.46,348.97,312.23,311.36,282.22
Blue Marine Hotel & Thalasso (Ex:Laico),420.413,Logement Petit Déjeuner,2,10.8,Hammamet,18.67,touring,975,27/07/1961,420.413,440.69,385.24,448.71,395.44,444.69,379.82,429.98,378.47,409.5,351.38,416.95,384.78,433.0,360.4,395.07,389.26,429.08,344.72,369.28,337.08,400.24,341.58,399.6,346.79,385.05,352.97,390.09,310.03
Alhambra Thalasso,426.17,Demi Pension,5,18.7,Hammamet,6.66,touring,560,25/06/1955,426.17,441.2,398.25,461.2,394.29,440.42,395.91,455.27,399.79,430.41,388.1,426.02,376.2,424.25,384.92,438.77,346.58,430.34,351.1,377.86,381.18,429.44,340.94,419.49,360.42,357.31,350.53,378.02,369.26
Hammamet Garden Resort & Spa,434.082,Soft All Inclusive,4,16.3,Hammamet,31.4,touring,919,04/04/1983,434.082,451.22,407.68,456.74,409.93,440.98,385.64,466.58,396.07,417.12,387.95,443.16,378.12,415.97,345.75,436.1,398.32,428.31,338.03,407.87,368.47,358.78,312.89,371.07,337.1,365.03,319.47,351.15,375.77
Le Royal Hammamet,434.91,Logement Petit Déjeuner,3,18.4,Hammamet,4.76,touring,192,18/05/1955,434.91,455.26,397.16,461.68,412.56,453.68,375.81,445.39,394.49,416.37,386.12,451.68,370.74,414.23,378.69,455.35,370.67,408.1,358.26,436.41,339.57,389.74,335.42,404.45,390.96,373.77,318.31,356.9,376.73
Bahia Beach,457.8,Soft All Inclusive,3,19.3,Hammamet,44.4,touring,392,09/02/1976,457.8,475.52,428.78,493.63,431.41,460.49,406.68,465.29,409.4,462.61,393.74,454.43,399.29,425.93,403.38,464.16,371.85,453.72,385.88,451.15,374.99,398.45,392.66,465.6,401.17,456.88,390.33,408.79,405.72
WELCOME LELLA BAYA,469.245,Logement Petit Déjeuner,3,17.7,Hammamet,6.33,touring,159,27/03/1956,469.245,484.58,431.94,493.33,442.25,474.13,411.24,470.77,440.34,469.13,397.08,485.29,438.99,433.87,413.83,427.59,434.75,469.04,354.18,436.07,358.29,466.75,362.97,390.33,375.39,397.68,336.34,426.76,368.21
The Russelior,474.831,Logement Petit Déjeuner,2,15.1,Hammamet,4.86,touring,317,26/12/1953,474.831,493.17,439.32,511.26,453.93,482.6,436.58,510.29,441.53,492.07,397.05,494.42,401.05,486.78,394.71,439.97,407.23,427.9,372.93,410.35,382.23,391.61,369.87,433.72,401.7,394.79,358.89,434.28,426.62
Golden Tulip TAJ Sultan,482.652,Logement Petit Déjeuner,2,18.1,Hammamet,40.6,touring,993,03/09/1970,482.652,510.59,440.52,506.97,453.87,492.69,428.93,518.58,448.33,483.47,399.4,479.67,436.79,484.04,426.7,495.23,410.33,454.14,363.75,477.46,367.64,406.94,353.26,419.53,419.66,447.43,340.75,387.24,383.41
Le Sultan,509.875,Logement Petit Déjeuner,2,10.3,Hammamet,10.18,touring,409,08/09/1964,509.875,532.97,467.96,550.59,488.0,527.94,442.74,522.8,482.25,516.52,451.34,530.58,459.38,486.51,408.03,520.88,460.46,482.76,398.87,498.21,450.36,453.67,389.51,432.17,462.04,444.06,437.88,516.59,392.77
Eden Yasmine,519.145,"576,828 DT",4,19.5,Hammamet,37.3,touring,320,25/03/1992,519.145,547.04,477.12,546.88,486.29,531.47,450.73,548.09,485.01,532.03,446.91,531.24,452.78,494.71,466.22,518.55,416.65,450.71,442.92,465.04,413.43,500.91,397.23,494.63,409.8,441.31,372.18,528.68,404.85
Houda Yasmine,525.108,Soft All Inclusive,2,12.2,Hammamet,23.37,touring,525,09/04/1970,525.108,557.55,480.26,563.66,488.98,520.35,486.33,532.65,484.81,516.53,476.9,534.98,448.97,497.42,410.86,553.09,453.91,525.65,439.43,475.15,483.23,454.65,376.5,523.06,451.68,484.86,452.97,489.47,364.2
Paradis Palace,533.286,Soft All Inclusive,3,19.6,Hammamet,7.82,touring,990,22/12/1951,533.286,558.51,496.23,565.06,499.58,550.18,484.15,539.35,496.09,539.95,466.16,511.42,461.18,489.54,467.66,535.04,468.71,496.73,422.36,460.11,415.45,431.96,459.72,492.25,476.66,490.33,427.4,490.03,449.91
Omar Khayam,538.373,Soft All Inclusive,3,18.5,Hammamet,5.22,touring,919,23/04/1976,538.373,565.41,503.06,566.61,498.64,537.62,493.18,541.85,485.26,511.9,476.39,556.23,455.9,553.96,433.61,509.37,441.82,503.25,471.88,493.9,427.22,449.14,416.3,527.4,459.84,451.7,403.51,453.85,465.83
Radisson Blu Resort & Thalasso Hammamet,594.702,Logement Petit Déjeuner,2,16.4,Hammamet,12.34,touring,111,19/12/1962,594.702,631.5,548.11,636.98,564.79,599.77,527.61,624.04,526.34,591.07,501.41,623.74,502.31,585.69,533.0,548.21,498.7,534.21,526.35,518.9,520.7,486.86,515.99,593.03,478.24,480.05,516.52,485.93,491.11
Royal Nozha,606.585,Soft All Inclusive,3,17.8,Hammamet,27.26,touring,311,25/01/1975,606.585,638.89,568.08,655.8,577.89,614.32,542.39,653.56,557.2,594.58,509.87,642.57,531.48,542.99,495.95,611.19,487.28,575.66,515.1,617.41,504.75,539.12,501.03,569.76,474.92,591.72,419.61,566.04,469.87
"Nahrawess Hotel, Thalasso & WaterPark Resort",611.85,"679,833 DT",2,18.1,Hammamet,9.28,touring,838,06/01/1995,611.85,644.87,573.13,651.67,574.9,635.7,568.88,633.18,551.99,628.59,519.23,587.31,547.81,564.06,523.42,646.22,547.36,594.31,497.06,574.8,511.24,501.13,477.5,590.25,527.76,584.59,420.23,501.98,423.48
The Sindbad,640.859,Logement Petit Déjeuner,4,10.8,Hammamet,26.5,touring,685,18/12/1985,640.859,665.52,596.0,677.58,606.43,668.89,574.31,677.84,598.25,665.73,565.06,619.03,598.63,628.84,558.69,645.38,526.02,625.41,535.35,572.78,505.44,542.68,478.07,528.46,464.73,514.48,522.22,572.54,567.38
Tui Blue Oceana  (Adult Only),664.153,"737,947 DT",4,17.1,Hammamet,37.77,touring,967,17/12/1974,664.153,709.02,614.54,708.75,623.41,667.66,593.5,670.27,604.35,678.54,574.94,655.92,586.93,632.62,574.03,671.13,579.2,633.72,521.95,662.1,506.7,540.34,500.9,593.83,595.65,537.08,539.07,550.17,468.0
Hasdrubal Thalassa & Spa Yasmine Hammamet,672.312,Logement Petit Déjeuner,4,16.0,Hammamet,19.32,touring,612,09/08/1979,672.312,703.4,630.63,728.84,624.75,680.11,581.02,704.12,622.82,703.52,585.18,675.72,618.39,614.5,537.54,645.77,602.32,684.18,591.52,673.15,585.89,619.09,585.25,604.22,610.06,558.23,522.38,657.76,514.39
Vincci Nozha Beach,686.7,Soft All Inclusive,4,16.1,Hammamet,17.53,touring,656,25/10/1982,686.7,714.78,639.63,742.84,659.01,695.83,593.41,725.75,623.99,718.15,587.09,720.39,634.22,710.01,571.63,691.29,614.73,659.21,522.13,638.43,572.5,576.63,511.42,581.36,626.12,592.73,496.63,568.53,509.65
Les Orangers Beach Resort,1247.386,All Inclusive,2,10.1,Hammamet,11.92,touring,806,23/03/1996,1247.386,1304.08,1160.16,1306.87,1164.13,1268.86,1110.2,1267.09,1150.29,1177.37,1082.03,1226.63,1102.2,1144.48,1034.26,1306.94,1127.04,1071.87,1040.89,1129.31,979.07,1028.75,985.69,1136.28,930.5,1254.5,1010.12,1099.53,1073.83
Lti Les Orangers Garden Villas & Bungalows,1602.147,All Inclusive,2,16.1,Hammamet,20.61,touring,966,23/04/1978,1602.147,1709.44,1485.63,1694.03,1526.12,1659.67,1473.06,1658.49,1495.02,1665.4,1362.62,1657.41,1392.03,1637.36,1275.29,1591.05,1436.74,1534.01,1193.24,1571.64,1291.41,1587.24,1294.96,1649.27,1447.62,1345.32,1390.67,1301.04,1152.1
Iris Djerba Hotel & Thalasso,151.417,Logement Simple,3,15.6,Monastir,28.51,touring,500,01/01/1964,151.417,156.35,140.42,163.88,144.55,157.97,136.99,161.58,133.57,143.25,139.4,158.19,130.24,144.36,135.37,138.94,128.48,144.15,135.94,135.78,122.81,144.66,111.21,152.76,111.68,131.05,111.76,154.01,127.78
Olympic Djerba,160.23,Logement Petit Déjeuner,5,12.2,Monastir,8.75,touring,925,13/08/1951,160.23,168.68,149.33,168.15,151.77,160.2,138.71,171.31,150.75,162.22,133.51,166.02,145.82,149.79,140.49,148.8,133.11,162.49,132.82,164.33,128.61,142.04,114.3,139.13,131.08,160.57,125.28,143.32,125.1
Hotel Mizwar,173.964,Logement Petit Déjeuner,2,13.9,Monastir,15.65,touring,152,22/11/1969,173.964,185.17,163.14,187.51,160.84,170.55,153.13,177.52,160.4,175.4,149.92,172.48,159.77,175.12,139.08,167.85,144.74,149.33,147.22,167.72,145.11,149.99,127.44,149.74,151.97,161.6,137.02,153.26,126.77
Diar Yassine,206.01,Logement Petit Déjeuner,2,13.9,Monastir,1.45,touring,145,08/05/1957,206.01,214.28,191.83,216.49,197.27,208.71,179.42,213.25,181.95,199.19,176.21,200.77,177.57,186.58,187.58,194.79,175.9,208.44,178.18,208.83,185.38,197.0,179.33,210.33,155.87,193.46,145.8,184.41,147.11
Hotel Djerba Resort,215.125,Soft All Inclusive,5,16.2,Monastir,15.4,touring,452,25/04/1985,215.125,225.56,201.86,230.59,206.26,213.31,194.78,216.52,203.52,213.26,189.62,228.8,188.47,203.91,191.95,213.24,177.65,204.12,190.63,197.08,176.8,181.87,165.58,208.36,179.25,182.05,184.77,174.61,160.18
Djerba Orient,219.744,Logement Petit Déjeuner,4,10.7,Monastir,46.85,touring,128,06/10/1952,219.744,233.43,205.64,237.55,208.25,227.54,201.21,233.54,198.67,210.32,181.07,233.08,199.74,202.84,187.81,198.89,184.39,207.53,187.44,224.61,178.42,181.38,178.58,220.21,170.04,213.75,164.06,183.55,158.6
Dar Dhiafa,350.217,Logement Petit Déjeuner,3,17.5,Monastir,47.56,touring,165,16/04/1968,350.217,372.73,323.6,380.13,334.59,363.47,306.74,366.69,320.17,341.16,319.05,360.59,329.14,335.56,309.05,347.47,279.74,301.53,298.35,308.51,287.51,309.88,289.06,318.31,261.1,313.31,259.8,286.95,309.13
El Mouradi Djerba Menzel,351.606,Soft All Inclusive,2,18.4,Monastir,36.97,touring,360,20/07/1994,351.606,374.66,328.33,380.48,336.81,355.71,313.43,362.64,317.53,359.18,307.09,363.35,326.63,358.85,281.51,345.36,326.34,299.77,283.69,319.12,281.87,292.83,249.45,346.4,299.08,321.43,248.48,343.62,277.48
Grand Hotel Des Thermes,361.662,Logement Petit Déjeuner,2,12.1,Monastir,41.69,touring,362,20/12/2000,361.662,378.74,339.85,389.67,339.06,358.9,322.74,384.4,324.4,357.4,331.04,371.04,337.62,348.41,325.96,346.44,296.27,330.73,298.52,331.17,283.56,338.08,322.52,362.32,272.55,330.55,257.12,369.38,296.49
Bougainvillier Djerba,377.685,Logement Petit Déjeuner,2,15.3,Monastir,5.72,touring,301,04/01/1970,377.685,395.59,350.74,402.71,362.72,386.51,343.61,402.33,332.45,395.07,332.1,361.8,336.31,343.72,329.58,374.28,349.94,332.59,334.04,327.14,315.84,321.11,326.07,353.15,305.09,345.0,281.48,377.46,327.88
Sidi Mansour Djerba,480.69,Soft All Inclusive,4,15.5,Monastir,32.22,touring,341,23/02/1968,480.69,509.42,438.33,515.02,452.3,483.45,442.29,490.77,451.3,474.92,435.65,495.62,414.33,494.48,377.05,468.12,417.35,466.09,368.92,431.39,442.97,399.61,408.26,452.79,427.18,412.57,373.6,426.28,398.09
Fiesta Beach,489.846,Soft All Inclusive,2,15.4,Monastir,42.7,touring,530,21/04/1974,489.846,516.93,446.06,516.14,469.97,502.38,445.95,499.12,446.87,457.75,439.25,481.76,420.16,481.6,431.32,477.73,408.68,428.35,395.18,455.67,426.41,447.52,353.71,438.91,381.9,452.94,379.82,420.2,355.46
Hotel Riadh Meninx,563.094,Soft All Inclusive,5,11.6,Monastir,28.17,touring,452,05/08/1970,563.094,595.58,509.8,605.49,533.75,587.29,485.3,582.3,523.7,536.42,499.3,542.09,509.88,518.48,454.66,585.85,449.37,497.88,488.47,528.05,461.7,541.88,452.93,462.53,418.19,523.65,385.3,461.15,447.06
Club Calimera Yati Beach,576.828,Soft All Inclusive,2,12.5,Monastir,21.62,touring,576,06/02/1969,576.828,616.33,526.6,618.69,550.84,595.1,507.99,616.07,538.58,552.39,523.4,614.83,541.79,575.48,511.8,529.21,487.87,505.93,498.01,527.55,443.37,554.48,454.71,551.01,503.15,504.67,453.11,516.27,454.6
Royal Karthago,595.14,Soft All Inclusive,4,18.2,Monastir,8.23,touring,473,23/11/1968,595.14,615.29,549.06,629.06,556.25,603.03,529.02,623.05,560.25,615.24,528.56,622.17,517.23,544.99,496.8,539.13,525.75,547.21,532.1,551.17,473.21,583.81,522.17,595.16,437.18,515.67,454.33,483.09,492.18
Hari Club Beach Resort,601.361,Soft All Inclusive,3,13.3,Monastir,34.61,touring,104,10/02/1988,601.361,626.06,555.79,637.14,568.28,614.27,518.75,645.91,537.27,622.4,510.82,583.87,527.55,570.47,540.91,593.0,524.0,548.87,483.33,604.51,542.37,501.13,458.53,622.24,468.51,527.77,464.93,481.3,543.42
Hasdrubal Prestige Thalassa & Spa Djerba,652.365,Logement Petit Déjeuner,5,18.6,Monastir,14.33,touring,701,24/02/2008,652.365,672.78,606.1,706.98,602.88,647.07,588.05,672.9,574.97,614.37,554.26,685.43,598.74,650.58,538.2,646.73,565.09,648.11,519.1,681.25,592.35,661.61,528.74,558.14,504.0,533.2,558.87,593.06,539.41
Hasdrubal Thalassa & Spa Djerba,652.365,Logement Petit Déjeuner,5,12.5,Monastir,19.59,touring,267,23/09/1973,652.365,688.45,599.25,688.68,604.78,669.86,583.41,689.55,591.52,677.76,587.8,628.63,609.71,617.53,592.48,635.73,549.31,667.47,510.4,633.17,569.83,633.87,495.26,586.63,576.36,515.57,566.19,636.73,452.43
Palm Azur,678.198,Logement Petit Déjeuner,4,16.7,Monastir,36.41,touring,289,18/08/1961,678.198,719.92,631.92,716.85,644.13,689.37,592.66,691.04,633.82,660.31,622.08,669.28,637.85,607.93,587.79,664.82,541.29,584.6,600.39,597.29,595.02,601.01,591.82,678.5,602.61,540.23,556.86,585.56,523.33
Djerba Golf Resort & Spa,686.7,Soft All Inclusive,5,12.0,Monastir,0.88,touring,796,06/02/1980,686.7,719.27,639.2,743.92,636.23,694.58,594.15,724.82,632.62,687.49,618.17,719.64,615.03,706.11,591.55,636.9,601.91,629.49,575.84,710.58,544.18,555.71,502.33,635.31,552.52,657.21,548.33,656.26,592.67
Djerba Aqua Resort,686.7,Soft All Inclusive,2,19.5,Monastir,45.53,touring,263,24/11/1961,686.7,724.3,633.57,721.05,637.04,700.6,594.18,721.53,624.03,668.63,596.02,653.18,598.91,623.83,552.58,630.33,585.76,672.6,548.46,658.39,593.12,597.16,568.59,682.46,607.43,547.26,479.64,557.71,490.4
Joya paradise,709.59,Soft All Inclusive,4,10.9,Monastir,9.25,touring,378,15/08/1961,709.59,733.9,658.66,762.23,668.42,749.7,624.34,749.39,663.35,717.68,602.19,676.87,663.1,665.68,635.16,686.39,627.34,603.61,631.61,643.34,619.9,617.55,560.03,629.1,585.97,576.12,605.24,641.29,500.48
Cesar Thalasso - Adult Only,709.59,Soft All Inclusive,3,17.0,Monastir,40.67,touring,535,11/03/1976,709.59,754.31,644.5,758.63,678.53,697.04,616.4,715.92,670.45,728.21,585.17,734.59,610.17,711.49,592.6,744.23,570.42,613.74,570.65,740.01,636.06,583.76,515.01,638.87,645.99,594.53,569.53,718.98,500.55
Royal Garden Palace,915.6,Logement Petit Déjeuner,4,13.8,Monastir,44.61,touring,198,26/12/1962,915.6,967.91,851.42,966.18,859.66,925.75,814.72,955.81,843.26,903.38,753.0,931.6,818.21,816.95,716.91,860.19,741.95,778.76,701.09,946.3,696.03,886.71,809.63,944.85,701.06,891.44,779.13,931.31,749.19
Diar Meriam,114.45,Logement Simple,2,13.7,Sousse,43.53,touring,912,18/10/1950,114.45,119.98,104.52,124.1,109.89,114.48,105.98,115.36,108.02,118.64,96.29,109.12,99.31,109.62,103.84,118.44,103.81,102.41,99.87,98.84,90.07,102.67,96.65,111.95,90.68,94.46,84.33,92.3,87.3
SINDBED CENTER,132.749,Logement Petit Déjeuner,4,17.2,Sousse,13.22,touring,280,21/06/1951,132.749,140.26,123.34,143.55,125.09,138.34,121.99,142.12,123.01,127.24,111.43,129.8,112.51,124.17,111.19,132.62,109.89,133.86,104.82,123.01,111.69,126.19,114.97,125.66,119.55,130.3,95.14,104.02,102.88
Houria Palace,158.617,Logement Petit Déjeuner,5,13.3,Sousse,33.0,touring,964,17/01/1992,158.617,165.76,148.82,172.0,150.76,159.79,144.11,162.23,145.34,154.2,139.54,165.5,144.52,150.89,128.58,167.49,135.19,161.16,136.05,159.76,138.38,159.53,137.61,159.82,120.42,146.56,133.32,147.45,110.47
Hôtel Monaco & Thalasso,183.12,Logement Petit Déjeuner,3,16.0,Sousse,23.71,touring,641,25/09/1953,183.12,192.16,170.68,198.92,170.93,191.98,165.97,194.1,173.81,171.06,162.06,187.58,154.98,184.67,146.86,176.43,154.61,174.56,138.59,189.05,150.19,148.71,144.39,158.19,136.02,184.13,154.98,185.33,150.85
Miramar Golf and Spa,183.12,Logement Simple,4,19.5,Sousse,26.81,touring,303,28/07/1972,183.12,190.03,170.05,197.23,171.99,184.8,161.61,186.84,165.02,187.42,156.37,179.29,162.31,189.81,165.44,190.01,153.92,184.77,161.7,164.82,140.36,179.67,160.49,172.6,145.4,142.5,126.98,174.09,161.64
El Mouradi Club Selima,205.103,Soft All Inclusive,4,10.1,Sousse,23.33,touring,487,05/05/1998,205.103,217.57,191.24,219.75,194.06,210.95,180.37,217.93,191.78,208.64,184.22,206.24,184.4,191.56,162.19,192.2,189.53,177.26,174.06,206.16,168.0,165.4,145.76,181.52,151.79,170.01,159.2,185.24,161.15
Soviva Resort,244.596,Soft All Inclusive,3,10.4,Sousse,48.53,touring,777,08/06/1965,244.596,259.67,224.39,258.32,229.09,252.18,217.85,245.43,221.98,239.1,213.31,256.92,211.37,244.76,221.59,243.85,218.2,251.13,211.62,248.91,219.86,209.37,188.81,221.45,187.49,219.89,170.84,197.32,178.82
Hannibal Palace and spa,251.79,Logement Petit Déjeuner,5,10.9,Sousse,29.32,touring,563,23/11/1991,251.79,268.61,236.26,272.07,235.97,250.44,227.75,264.57,232.85,256.89,212.59,254.36,222.02,259.88,210.48,234.06,205.42,219.21,220.98,219.37,208.43,217.21,184.67,213.44,185.2,250.6,189.07,240.86,181.06
El Mouradi Club Kantaoui,268.588,Soft All Inclusive,5,13.2,Sousse,45.26,touring,272,12/07/1993,268.588,281.12,250.79,281.77,250.14,278.72,246.2,283.79,239.53,269.43,237.44,258.32,248.52,262.32,241.33,245.14,241.23,270.84,200.09,250.8,242.78,249.76,226.0,243.81,218.54,250.76,202.98,211.71,207.39
El Mouradi Port El Kantaoui,268.588,Soft All Inclusive,2,16.2,Sousse,14.58,touring,515,09/07/1979,268.588,282.8,245.09,285.39,250.56,268.46,240.21,288.47,250.12,272.78,224.43,263.67,247.85,257.71,234.6,269.79,231.42,230.01,234.12,257.53,237.94,234.43,219.43,250.23,210.08,269.38,225.06,258.62,198.55
Hasdrubal Thalassa & Spa Port El Kantaoui,276.969,Logement Petit Déjeuner,5,15.5,Sousse,47.26,touring,822,06/04/1969,276.969,294.36,255.93,298.63,260.54,273.27,246.05,286.49,260.64,268.34,255.2,280.06,248.67,249.89,241.28,266.14,231.95,237.4,208.57,265.91,238.43,277.38,204.49,277.48,230.43,248.33,196.41,240.91,243.38
Royal Jinene,315.882,Logement Petit Déjeuner,2,18.6,Sousse,3.58,touring,631,11/06/2005,315.882,330.82,286.72,343.28,296.87,328.09,287.47,334.1,280.12,294.74,288.81,325.02,286.65,285.62,251.89,330.35,269.38,301.2,255.2,277.0,246.33,271.18,261.49,301.65,280.26,250.8,237.32,323.28,236.57
El Mouradi Palace,334.243,Soft All Inclusive,4,19.0,Sousse,9.27,touring,577,28/05/1969,334.243,351.51,312.12,351.52,312.29,328.63,304.93,353.61,317.08,324.78,276.54,341.57,314.03,324.83,276.01,304.49,282.29,301.11,282.23,318.79,291.01,290.21,258.77,301.65,297.82,272.02,247.47,265.52,243.23
El Mouradi Palm Marina,342.925,Soft All Inclusive,2,16.1,Sousse,42.15,touring,925,11/01/1954,342.925,364.87,312.12,367.61,318.81,358.02,297.49,348.41,305.88,335.44,289.28,354.93,312.23,330.88,274.82,355.27,287.12,323.28,295.41,328.24,297.5,317.53,298.44,288.0,297.3,266.93,255.44,315.46,240.06
Marabout,345.639,Soft All Inclusive,4,17.9,Sousse,24.38,touring,399,02/05/1965,345.639,361.54,314.37,368.41,323.99,353.73,302.04,352.61,312.08,354.35,295.94,345.63,296.69,348.2,310.91,314.63,286.64,343.42,286.13,330.5,302.37,284.45,259.27,293.04,265.85,265.83,267.78,282.74,265.68
Sousse Palace,400.575,Logement Petit Déjeuner,4,10.3,Sousse,21.77,touring,956,19/08/1985,400.575,424.68,373.5,436.13,377.2,416.55,369.35,424.97,354.66,409.34,343.59,402.13,365.53,409.97,353.54,408.19,361.09,340.42,358.28,403.8,311.45,393.04,332.98,329.72,300.2,352.66,277.09,325.75,297.52
Movenpick Resort & Marine Spa,522.492,Logement Petit Déjeuner,3,16.2,Sousse,33.4,touring,369,16/10/1963,522.492,551.59,489.15,552.89,484.7,514.85,477.63,527.43,475.67,540.62,462.71,539.39,443.67,466.54,408.41,505.35,441.64,523.36,436.53,465.71,460.5,483.42,395.51,516.37,418.75,490.35,360.72,462.77,371.09
Riadh Palms,800.967,All Inclusive GOLD,2,12.9,Sousse,28.29,touring,518,28/05/1960,800.967,846.94,740.09,848.17,748.37,812.4,741.86,810.6,722.54,817.17,678.44,771.31,673.88,752.88,684.59,731.38,641.46,821.99,631.19,834.97,721.6,775.31,691.78,681.43,639.73,725.07,695.65,688.14,674.11
Hasdrubal Prestige Thalassa & SPA Djerba,131.675,Half Board,3,16.2,Djerba,36.23,traveltodo,377,04/11/1980,131.675,138.66,122.82,142.37,124.13,132.25,120.18,139.5,124.03,127.26,115.68,133.01,117.88,134.69,118.68,123.54,110.11,112.32,110.37,120.89,110.35,128.65,110.04,108.37,104.67,103.37,97.85,129.86,107.89
Le Beau Sjour,11.4,Soft Drinks Only,5,19.5,Djerba,27.13,traveltodo,529,17/12/1961,11.4,11.82,10.58,12.26,10.59,11.31,10.32,12.05,10.22,10.85,10.12,11.38,10.21,11.82,9.39,11.71,10.4,10.03,8.76,10.11,9.05,11.1,8.17,10.8,10.29,8.77,7.92,9.98,10.31
htel club palm azur,73.2,Room Only,2,19.6,Djerba,23.04,traveltodo,601,23/10/1971,73.2,77.1,68.55,77.79,68.68,71.74,66.46,75.64,66.66,74.33,63.93,74.97,64.52,68.65,57.27,71.71,60.68,68.27,60.98,74.93,61.08,71.27,58.42,60.45,55.96,57.96,56.16,67.79,52.54
Club Calimera Yati Beach,60.48,All Inclusive,5,13.1,Djerba,35.4,traveltodo,905,06/02/1969,60.48,62.84,56.41,64.56,57.19,62.74,52.93,60.66,54.25,61.22,50.51,58.74,52.61,55.86,54.26,55.11,56.28,59.75,54.32,58.56,52.46,53.31,48.71,50.0,53.94,52.58,42.04,61.86,45.77
Joya Paradise,73.16,Room Only,5,13.3,Djerba,1.29,traveltodo,917,11/09/1980,73.16,76.67,66.26,79.27,68.07,73.49,63.09,73.5,66.52,74.15,60.41,76.42,66.97,73.64,57.62,67.46,66.51,71.88,61.57,74.97,61.16,62.96,52.7,69.16,60.45,61.66,59.41,67.28,58.19
Riad Meninx,63.96,All Inclusive,4,12.4,Djerba,6.52,traveltodo,774,10/05/1950,63.96,68.31,58.49,69.48,60.07,65.52,58.99,67.76,56.44,63.49,54.88,60.8,56.56,59.95,56.69,64.73,58.84,57.78,55.69,65.86,57.62,55.82,54.38,57.94,48.11,54.14,48.28,60.84,49.72
Royal Karthago Resort &Thalasso,62.4,Room Only,4,13.0,Djerba,23.84,traveltodo,561,19/01/1997,62.4,64.54,56.76,65.57,59.51,62.13,55.5,66.88,58.96,65.02,54.21,62.22,57.36,64.65,50.28,59.61,53.51,54.49,49.89,58.14,55.37,55.79,47.67,57.82,52.51,56.71,47.69,61.63,53.44
Fiesta Beach,58.56,Half Board,5,14.3,Djerba,42.61,traveltodo,923,21/04/1974,58.56,61.0,54.79,62.93,55.02,57.91,51.27,60.1,52.88,59.99,52.57,59.33,49.62,58.73,49.28,57.58,50.01,53.3,45.08,57.38,45.78,54.63,49.12,56.81,46.73,54.93,44.02,55.23,50.71
Royal Garden Palace,96.0,Bed & Breakfast,2,18.9,Djerba,33.22,traveltodo,624,26/12/1962,96.0,100.49,88.26,102.75,90.19,95.34,84.27,99.26,84.54,97.82,79.91,98.1,83.37,92.03,78.38,101.01,77.95,87.74,83.69,86.22,82.07,96.92,75.67,89.34,85.89,74.84,66.96,85.9,67.0
Htel Bougainvillier,39.6,Room Only,5,11.9,Djerba,19.29,traveltodo,808,05/02/1950,39.6,41.55,36.7,41.8,37.75,40.93,35.1,42.31,37.64,38.62,35.69,39.68,34.95,36.24,35.06,39.12,35.52,39.58,33.7,35.8,35.51,33.43,29.13,39.76,36.03,35.32,29.56,36.01,28.0
The Ksar Djerba Charming htel & spa,52.8,Room Only,3,16.3,Djerba,29.57,traveltodo,145,02/02/1953,52.8,56.19,49.11,57.38,49.77,51.74,46.25,54.23,47.6,49.37,48.39,53.07,45.29,50.25,45.02,54.72,48.93,48.04,42.03,52.68,47.75,45.09,40.82,52.05,41.63,42.1,46.13,46.53,40.94
Djerba Resort,52.8,Bed & Breakfast,3,17.7,Djerba,3.3,traveltodo,462,12/02/2008,52.8,54.4,48.83,56.27,48.96,52.94,46.08,53.79,49.66,52.44,43.42,52.47,45.01,50.12,43.03,49.86,45.03,51.81,41.63,49.61,41.93,48.03,43.22,45.85,47.13,50.09,43.0,51.47,40.4
Seabel Rym Beach Djerba,51.975,Bed & Breakfast,3,16.4,Djerba,19.41,traveltodo,611,15/08/1958,51.975,54.54,48.64,55.2,48.34,54.7,48.26,54.44,46.26,50.29,43.98,53.8,46.78,53.07,41.6,54.9,47.82,48.79,45.93,53.73,40.14,49.61,37.94,50.96,43.3,40.93,41.55,43.07,43.76
El Mouradi Djerba Menzel,40.63,Soft Drinks Only,3,13.7,Djerba,9.21,traveltodo,871,20/07/1994,40.63,42.76,38.19,43.74,38.41,41.85,36.16,41.15,38.39,39.39,36.02,42.08,37.14,37.43,32.03,38.94,34.68,35.99,33.01,35.59,35.43,35.9,29.01,35.5,32.29,33.27,33.92,38.97,30.02
Djerba Orient,23.04,All Inclusive,2,16.8,Djerba,45.7,traveltodo,205,06/10/1952,23.04,24.49,21.48,24.93,21.42,23.03,21.18,23.91,21.41,23.45,19.14,24.11,21.2,21.17,20.19,23.92,19.88,20.78,20.04,20.47,18.04,19.57,17.43,23.08,17.66,19.89,19.23,21.82,19.41
Hari Club Beach Resort,79.2,All Inclusive,2,17.8,Djerba,7.05,traveltodo,912,10/02/1988,79.2,81.71,73.03,85.61,74.97,80.64,69.86,82.25,71.7,78.2,66.91,81.02,74.02,73.6,64.35,82.01,68.24,74.12,64.37,78.58,69.83,65.88,67.56,69.5,66.52,71.91,59.51,68.8,57.44
Grand Htel Des Thermes,41.08,Bed & Breakfast,4,11.8,Djerba,16.71,traveltodo,54,09/12/1974,41.08,43.8,37.2,43.29,39.3,41.36,36.39,42.7,38.65,39.11,37.77,42.79,36.87,36.93,37.24,38.92,33.04,40.51,31.58,42.43,35.14,37.4,32.85,33.99,31.48,40.72,36.01,33.57,35.02
Djerba Inn,23.4,Bed & Breakfast,2,15.8,Djerba,15.4,traveltodo,633,14/08/1960,23.4,24.43,21.86,24.78,22.09,24.27,20.29,23.76,22.12,22.54,20.22,24.71,20.28,23.1,18.54,24.27,19.5,20.12,20.43,20.74,18.43,20.78,19.74,22.82,19.22,20.04,20.6,22.5,18.13
Cesar Thalasso,74.4,Soft Drinks Only,5,10.0,Djerba,8.41,traveltodo,877,27/11/1953,74.4,78.65,67.96,79.26,69.6,76.37,64.68,79.8,68.43,77.45,66.65,71.79,67.21,75.89,58.79,71.38,64.34,69.55,66.4,77.38,56.72,62.16,58.82,73.05,65.75,67.76,56.22,67.98,61.1
Saray Djerba,24.0,All Inclusive,4,18.5,Djerba,3.77,traveltodo,892,19/05/2003,24.0,25.34,22.28,25.24,23.04,24.35,21.12,25.44,21.58,23.57,20.63,24.06,20.99,23.06,20.06,23.82,20.24,20.53,20.35,23.54,18.7,21.14,18.77,24.84,21.55,20.02,17.6,19.34,18.17
Djerba Aqua Resort,72.0,Bed & Breakfast,5,17.5,Djerba,15.51,traveltodo,397,24/11/1961,72.0,74.27,67.15,75.83,67.77,70.86,66.16,72.87,67.03,72.25,60.13,69.7,62.56,73.69,57.91,65.87,63.01,68.95,64.45,62.33,65.32,60.35,57.14,73.12,62.55,66.1,55.58,61.07,53.86
MIZWAR,17.48,Room Only,3,19.2,Djerba,46.78,traveltodo,782,05/06/1992,17.48,18.22,16.33,18.66,16.7,18.22,15.91,17.56,15.55,17.38,14.45,17.76,15.08,17.83,13.75,18.11,14.13,15.11,13.54,15.85,16.0,14.77,14.78,14.92,14.15,15.71,14.98,13.7,14.73
Iris Djerba Htel Thalasso,12.731,Full Board,5,11.5,Djerba,29.53,traveltodo,632,05/12/1958,12.731,13.5,11.89,13.73,11.76,13.0,11.15,13.1,11.32,11.95,10.63,12.61,11.43,11.71,11.45,11.76,10.36,11.14,9.63,12.29,11.6,11.07,10.43,11.42,10.93,12.34,11.13,10.62,10.13
Hasdrubal Prestige Thalassa & SPA Djerba,131.675,Bed & Breakfast,4,13.1,Djerba,10.11,traveltodo,185,04/11/1980,131.675,136.21,119.28,142.79,126.06,135.79,118.5,135.77,121.4,130.44,113.39,133.81,113.14,132.18,109.19,132.94,119.04,121.71,104.45,121.99,118.03,125.56,105.14,118.94,100.0,104.28,89.54,120.06,107.41
Le Beau Sjour,11.4,Room Only,5,11.3,Djerba,7.87,traveltodo,898,17/12/1961,11.4,12.03,10.55,12.41,10.66,11.47,10.1,11.85,10.09,11.65,9.74,11.33,10.36,11.09,10.04,10.4,9.76,10.45,9.02,11.86,8.9,9.7,9.37,11.74,9.57,8.89,8.79,10.21,9.15
htel club palm azur,73.2,Soft Drinks Only,2,12.3,Djerba,47.95,traveltodo,345,23/10/1971,73.2,76.01,68.45,78.0,70.27,73.57,63.35,75.78,67.89,75.07,65.44,72.77,64.02,68.84,66.31,69.54,58.58,72.53,55.59,63.3,56.27,63.65,63.85,65.81,55.8,69.8,55.88,60.22,59.35
Club Calimera Yati Beach,60.48,Room Only,4,19.1,Djerba,6.19,traveltodo,559,06/02/1969,60.48,64.52,56.17,64.24,56.58,59.51,53.39,64.92,56.5,61.03,53.24,63.13,51.54,61.21,52.19,60.3,55.86,57.32,52.86,54.43,50.91,56.21,47.72,57.38,52.26,47.73,51.52,49.76,54.35
Joya Paradise,73.16,All Inclusive,4,20.0,Djerba,30.21,traveltodo,898,11/09/1980,73.16,75.7,66.9,77.34,68.9,76.8,64.5,78.01,66.02,71.28,64.1,76.28,67.0,65.85,61.16,73.13,61.66,68.65,56.27,69.3,58.36,62.45,62.02,64.86,58.76,64.89,53.97,66.02,53.77
Riad Meninx,63.96,Full Board,2,19.1,Djerba,48.08,traveltodo,265,10/05/1950,63.96,66.71,58.02,68.58,59.19,66.49,57.44,66.93,58.7,62.12,58.2,64.72,56.14,57.38,53.23,61.18,56.03,64.75,50.79,58.69,59.0,55.14,49.83,52.85,54.99,56.82,43.64,57.49,51.41
Royal Karthago Resort &Thalasso,62.4,All Inclusive,5,18.3,Djerba,46.12,traveltodo,291,19/01/1997,62.4,64.65,56.79,65.74,57.66,65.65,55.18,63.47,56.25,62.9,56.82,62.89,55.59,57.23,49.47,59.27,50.22,58.22,56.25,54.45,53.45,61.02,49.01,57.13,56.98,49.63,53.96,50.51,48.18
Fiesta Beach,58.56,Bed & Breakfast,3,15.5,Djerba,47.75,traveltodo,89,21/04/1974,58.56,62.58,53.33,63.18,54.15,57.46,52.28,59.23,52.73,60.87,48.42,60.49,52.1,57.84,46.78,53.23,47.68,49.86,47.18,51.96,50.51,57.76,48.77,59.83,51.78,55.09,43.73,56.66,40.97
Royal Garden Palace,96.0,Half Board,2,16.3,Djerba,46.09,traveltodo,822,26/12/1962,96.0,99.06,89.46,101.25,89.35,101.28,84.96,99.99,89.94,92.96,80.76,95.29,80.98,92.57,80.68,90.03,86.52,83.35,83.98,91.29,83.33,87.16,69.42,87.69,73.95,78.66,78.66,86.82,69.63
Htel Bougainvillier,39.6,Half Board,2,10.3,Djerba,12.8,traveltodo,112,05/02/1950,39.6,41.32,36.46,41.65,36.97,39.92,36.46,40.75,36.38,37.41,33.81,40.46,34.31,40.07,34.34,37.04,34.33,36.32,33.14,36.59,35.82,36.01,30.58,33.58,29.59,33.99,30.56,38.92,30.21
The Ksar Djerba Charming htel & spa,52.8,Half Board,3,18.4,Djerba,23.75,traveltodo,452,02/02/1953,52.8,55.15,47.97,56.37,50.48,55.24,48.43,55.04,48.81,49.62,47.68,51.77,48.7,54.23,41.54,48.38,43.75,49.75,42.57,48.0,42.62,47.66,39.91,49.11,47.84,40.74,44.58,51.55,41.27
Djerba Resort,52.8,Room Only,5,11.1,Djerba,44.29,traveltodo,417,12/02/2008,52.8,54.76,49.66,57.21,49.83,55.19,48.64,54.6,47.35,53.12,46.35,50.5,46.41,52.32,44.06,51.99,45.48,53.46,47.67,49.12,44.61,45.25,37.7,46.44,46.32,43.03,42.01,51.95,41.09
Seabel Rym Beach Djerba,51.975,Half Board,3,14.8,Djerba,45.14,traveltodo,501,15/08/1958,51.975,53.87,48.1,56.12,49.74,51.71,48.24,52.07,48.17,54.26,43.96,50.18,43.84,49.17,42.67,49.22,45.97,47.33,43.14,51.19,42.47,44.02,39.85,50.36,45.77,49.73,40.24,42.81,39.63
El Mouradi Djerba Menzel,40.63,Room Only,3,15.9,Djerba,34.87,traveltodo,759,20/07/1994,40.63,42.17,38.16,44.17,38.38,41.42,36.68,41.0,37.39,39.68,35.74,42.87,37.71,40.32,34.13,39.88,33.09,36.72,32.65,37.75,31.75,40.96,30.36,37.29,35.23,40.53,34.54,33.65,31.56
Djerba Orient,23.04,Full Board,2,15.3,Djerba,42.77,traveltodo,825,06/10/1952,23.04,24.01,21.38,24.54,21.68,24.05,20.4,23.73,20.28,23.18,19.31,23.12,19.64,21.12,18.75,20.85,18.93,22.9,17.37,20.4,20.03,20.06,19.21,19.12,19.41,21.66,19.91,20.08,18.13
Hari Club Beach Resort,79.2,Soft Drinks Only,4,11.5,Djerba,40.71,traveltodo,102,10/02/1988,79.2,84.24,73.9,84.0,73.27,81.42,71.85,80.41,73.2,80.7,71.93,80.45,67.58,76.41,69.24,83.69,65.6,68.46,65.04,80.89,64.04,74.16,65.06,71.5,61.64,70.09,64.42,71.16,59.38
Grand Htel Des Thermes,41.08,Bed & Breakfast,5,11.9,Djerba,4.6,traveltodo,177,09/12/1974,41.08,42.67,38.18,43.98,38.23,43.0,35.81,42.22,37.24,41.37,33.84,40.42,35.15,40.69,35.27,37.97,37.5,36.01,31.94,37.5,33.38,41.68,34.74,39.57,31.64,39.83,30.96,35.71,30.66
Djerba Inn,23.4,All Inclusive,2,14.5,Djerba,49.12,traveltodo,771,14/08/1960,23.4,24.07,21.45,25.25,22.05,24.14,21.14,23.37,21.97,23.47,19.22,24.19,21.65,21.56,18.46,24.11,20.6,20.58,19.38,20.42,20.01,18.94,17.63,20.97,19.14,21.23,18.29,19.98,20.03
Cesar Thalasso,74.4,Soft Drinks Only,2,11.0,Djerba,15.54,traveltodo,997,27/11/1953,74.4,77.78,67.52,78.63,70.61,77.51,66.84,76.67,65.68,74.59,63.48,75.21,68.08,76.5,67.28,75.51,59.54,65.63,61.11,73.89,59.99,72.09,61.56,63.9,59.45,58.44,57.9,66.26,64.15
Saray Djerba,24.0,All Inclusive,4,15.0,Djerba,35.31,traveltodo,522,19/05/2003,24.0,25.4,22.02,25.27,22.71,23.99,21.41,25.11,21.58,24.6,22.03,25.07,22.27,22.54,20.83,23.6,20.52,22.05,19.77,21.25,18.7,23.47,18.09,23.11,21.28,21.05,20.0,20.28,17.32
Djerba Aqua Resort,72.0,Soft Drinks Only,3,11.6,Djerba,11.36,traveltodo,378,24/11/1961,72.0,76.57,65.72,78.03,66.76,72.96,66.88,73.99,64.58,71.44,60.51,73.09,66.91,72.66,56.5,72.45,60.4,66.22,60.32,63.0,58.6,72.44,63.02,60.76,58.68,57.9,57.37,65.84,55.98
MIZWAR,17.48,Bed & Breakfast,4,12.0,Djerba,33.39,traveltodo,327,05/06/1992,17.48,18.21,16.03,18.62,16.4,18.14,16.13,18.25,15.62,17.95,15.34,17.08,15.79,17.09,15.91,16.09,15.69,16.17,14.96,16.38,13.32,15.46,13.87,16.08,12.82,15.51,11.84,16.61,14.86
Iris Djerba Htel Thalasso,12.731,All Inclusive,5,18.2,Djerba,38.44,traveltodo,814,05/12/1958,12.731,13.6,11.65,13.5,11.81,12.58,11.08,13.71,12.06,12.05,11.49,12.77,11.88,12.01,11.46,13.2,11.69,12.38,9.73,12.82,10.34,11.78,9.41,10.64,9.88,10.02,9.44,12.38,9.23
Le Sultan Hammamet,56.25,Soft Drinks Only,2,13.9,Hammamet,43.21,traveltodo,582,28/04/1998,56.25,59.11,51.39,60.12,53.33,56.53,52.34,56.59,53.22,53.52,49.54,57.03,51.73,55.14,46.48,56.38,45.52,54.18,48.84,49.46,47.92,46.27,50.08,51.37,44.79,48.21,48.5,44.24,40.23
Green Golf Hammamet,10.557,Room Only,4,13.2,Hammamet,28.96,traveltodo,944,17/07/1954,10.557,11.25,9.83,11.25,9.85,11.09,9.29,10.78,9.63,10.34,8.99,10.23,8.9,10.62,8.33,10.72,9.69,10.04,8.13,10.95,8.9,10.5,8.49,9.2,8.79,9.76,7.47,8.64,8.72
Htel Amber el fell,37.8,Soft Drinks Only,4,10.2,Hammamet,36.24,traveltodo,515,27/09/1961,37.8,39.99,34.44,40.79,34.94,37.57,35.09,38.02,34.44,38.6,33.01,37.41,33.47,34.38,30.88,34.72,31.43,35.18,28.3,33.01,29.97,38.17,29.7,32.17,27.56,30.65,26.11,32.92,32.94
Radisson Blu Resort & Thalasso Hammamet,61.2,Room Only,4,12.6,Hammamet,23.18,traveltodo,261,19/12/1962,61.2,64.57,56.14,65.06,57.5,64.06,56.4,61.62,53.96,63.98,53.84,59.21,55.11,60.56,52.63,57.49,52.8,62.37,46.44,60.93,54.12,60.74,51.49,53.81,44.76,56.6,46.04,48.32,49.21
Golden Tulip  President Hammamet,31.395,Bed & Breakfast,4,13.2,Hammamet,41.15,traveltodo,247,19/07/1963,31.395,33.34,28.82,32.99,29.32,32.97,27.5,33.68,29.54,30.33,26.09,30.11,26.51,30.38,26.53,28.87,27.71,31.54,25.98,29.27,26.14,29.24,27.8,26.76,25.57,29.44,21.8,27.84,24.1
El Mouradi El Menzah,31.412,Room Only,4,18.7,Hammamet,23.84,traveltodo,809,14/08/2011,31.412,32.78,29.49,33.13,29.79,32.18,28.05,31.98,28.03,30.77,26.37,33.41,27.57,28.8,25.07,28.75,28.98,31.48,23.4,29.32,23.94,25.36,25.91,32.47,24.65,29.77,22.27,27.33,25.18
THE RUSSELIOR HOTEL & SPA,145.73,Room Only,5,10.5,Hammamet,41.25,traveltodo,581,25/10/1975,145.73,155.31,133.16,156.95,135.87,151.92,130.95,148.68,134.44,148.03,122.25,143.21,128.91,149.21,130.16,140.61,124.42,140.14,112.56,126.14,115.58,133.45,104.96,127.31,117.99,117.48,111.98,136.85,121.14
El Mouradi Hammamet,34.234,All Inclusive,5,17.5,Hammamet,33.59,traveltodo,452,10/06/2007,34.234,36.29,31.61,36.81,31.78,36.09,30.87,36.19,31.76,32.92,29.68,33.02,29.29,34.72,29.2,35.29,28.22,29.46,28.3,30.52,28.04,28.2,28.29,30.62,30.39,27.99,23.23,32.76,27.91
Le Royal Hammamet,47.5,All Inclusive,3,12.7,Hammamet,11.02,traveltodo,555,18/05/1955,47.5,50.53,43.02,50.42,44.1,47.88,42.99,49.63,43.25,44.33,39.52,50.08,40.95,47.73,39.26,45.71,38.88,48.52,37.85,42.93,37.32,43.05,37.06,44.87,37.42,38.65,35.13,46.26,37.02
Royal Tulip Taj Sultan,57.5,All Inclusive,3,14.0,Hammamet,29.88,traveltodo,813,12/07/1951,57.5,59.31,54.01,61.49,53.13,60.75,50.87,60.11,53.71,57.95,51.16,59.16,51.25,57.57,52.41,53.89,51.91,56.15,51.66,57.74,52.71,55.2,42.89,48.75,51.56,49.11,45.83,54.69,44.96
Oceana Hotel & Spa,135.36,Half Board,3,19.5,Hammamet,35.76,traveltodo,942,15/03/2000,135.36,144.51,124.8,143.22,125.59,137.77,121.5,139.45,120.99,131.03,120.39,138.82,123.87,126.01,114.32,132.2,121.71,138.7,109.77,140.86,106.9,132.48,111.4,135.11,106.6,112.67,98.8,124.5,121.3
Htel Laico Hammamet 5*,43.7,All Inclusive,2,13.4,Hammamet,26.47,traveltodo,895,12/12/1969,43.7,45.0,40.81,46.24,41.42,43.13,38.77,44.16,38.5,43.59,36.06,46.2,37.85,43.83,38.13,39.92,35.91,41.72,33.33,39.27,38.36,43.07,33.83,44.85,33.22,39.99,31.6,39.46,34.43
Golden Yasmin Mehari Hammamet,36.608,Half Board,4,16.4,Hammamet,6.41,traveltodo,911,23/12/1982,36.608,38.89,33.8,38.42,34.0,38.02,32.42,38.01,34.68,38.33,33.35,38.75,33.66,33.5,29.13,34.21,33.96,33.9,29.19,33.77,31.92,30.26,27.54,33.18,27.16,36.14,29.18,36.91,26.84
El Fell Hammamet,24.48,Bed & Breakfast,4,14.1,Hammamet,13.97,traveltodo,674,24/01/1988,24.48,25.61,22.73,26.63,22.79,24.9,21.7,24.53,22.85,24.69,20.17,23.71,22.9,23.08,21.78,24.13,22.03,22.98,18.84,24.69,21.05,23.93,20.81,21.34,21.55,24.12,21.67,20.1,17.49
Eden Yasmine Resort & Spa,64.4,Bed & Breakfast,3,11.1,Hammamet,28.18,traveltodo,209,04/02/1972,64.4,66.87,60.4,70.14,61.35,65.65,55.96,67.17,57.32,62.66,56.08,68.45,56.16,58.93,52.03,58.61,56.42,56.2,48.62,66.28,50.0,58.3,52.08,53.97,54.05,63.39,50.78,51.07,52.3
Hasdrubal Thalassa & Spa Yasmine Hammamet,72.0,Half Board,3,14.1,Hammamet,46.64,traveltodo,810,09/08/1979,72.0,75.57,67.29,76.12,67.53,75.04,66.74,76.28,63.44,68.89,61.75,71.26,62.67,72.37,59.21,65.41,58.44,66.84,57.47,69.5,65.15,66.71,53.98,70.38,62.32,55.95,56.22,70.5,58.29
Les Orangers Beach Resort & Bungalows,130.8,Bed & Breakfast,2,12.3,Hammamet,14.76,traveltodo,991,19/01/1982,130.8,136.1,122.1,141.25,124.4,137.83,114.14,138.15,118.41,133.78,118.78,136.74,113.71,116.49,107.51,122.59,106.53,119.41,104.3,123.32,109.63,113.0,93.22,108.86,98.66,113.78,107.92,118.97,98.61
Lella Baya & Thalasso,51.6,Soft Drinks Only,4,18.6,Hammamet,18.86,traveltodo,712,17/02/1971,51.6,54.51,47.78,54.37,48.59,53.04,46.88,51.84,48.48,54.06,43.59,51.53,47.53,48.62,45.93,50.6,47.19,49.57,43.9,53.07,46.13,45.33,41.97,42.45,38.19,42.33,41.39,41.6,40.45
The Sindbad Hammamet,77.16,Full Board,4,10.4,Hammamet,20.67,traveltodo,811,03/03/1956,77.16,80.6,71.52,80.95,71.76,77.02,68.54,80.58,70.18,76.63,64.26,80.38,67.79,72.63,62.58,78.0,67.91,69.04,59.64,80.03,64.71,76.95,56.12,69.95,60.06,66.83,59.97,73.51,64.99
Les Orangers Garden Villas & Bungalows,181.01,Bed & Breakfast,3,13.7,Hammamet,18.77,traveltodo,208,04/10/2001,181.01,190.12,167.31,193.66,173.0,186.31,164.44,192.42,162.47,177.5,162.23,172.13,163.78,168.74,149.79,165.49,149.06,164.62,141.06,158.37,149.93,177.95,137.71,156.14,138.92,178.78,143.73,147.52,129.54
Zodiac Htel & Aqua Park,48.0,Soft Drinks Only,4,15.5,Hammamet,46.34,traveltodo,467,13/11/1992,48.0,50.37,43.53,50.29,44.43,48.28,41.94,49.17,42.69,48.33,44.16,48.29,43.69,48.2,37.84,44.42,44.36,45.16,36.69,43.84,40.95,47.99,39.09,41.47,37.53,40.75,40.92,39.4,38.43
Htel Aziza Thalasso Golf,37.95,Half Board,3,10.7,Hammamet,25.99,traveltodo,791,04/08/2010,37.95,39.89,34.72,40.79,35.74,38.71,35.16,38.77,34.61,37.11,34.23,36.71,32.89,36.78,34.28,35.37,35.15,32.24,28.49,34.87,31.04,30.79,33.51,36.49,29.43,29.81,30.33,32.39,33.47
Hammamet Garden Resort & Spa,43.7,Half Board,4,12.2,Hammamet,0.67,traveltodo,945,04/04/1983,43.7,46.37,40.2,46.85,41.5,44.02,39.79,45.28,40.42,44.09,37.44,46.11,36.7,43.45,39.58,39.88,36.61,38.55,37.73,42.38,38.88,40.91,37.94,44.72,34.06,35.51,35.8,41.14,33.37
Marina Palace,27.36,Half Board,2,11.3,Hammamet,44.19,traveltodo,696,03/04/1958,27.36,28.29,25.47,28.95,25.29,27.69,23.69,28.18,25.9,26.36,24.44,28.52,23.82,26.0,22.27,27.85,21.88,23.49,22.65,26.61,21.68,24.72,22.17,24.35,24.59,26.15,23.17,23.73,23.78
Le Khalife,13.0,Half Board,2,10.2,Hammamet,49.16,traveltodo,920,13/12/1970,13.0,13.78,11.95,14.09,12.21,13.24,12.09,13.27,12.04,13.43,10.76,13.16,11.39,12.54,10.82,11.85,10.92,12.03,10.75,12.12,11.97,10.91,9.73,12.01,11.08,10.51,10.81,10.41,9.58
La Playa,21.06,All Inclusive,5,18.9,Hammamet,26.41,traveltodo,631,13/10/1960,21.06,22.51,19.64,22.7,19.58,21.65,18.85,22.5,18.93,20.13,18.01,22.43,19.32,21.02,17.63,20.31,17.54,21.43,18.12,18.26,19.34,17.29,16.67,20.28,16.01,19.25,15.82,17.47,18.48
Residence Romane,25.68,All Inclusive,5,12.4,Hammamet,12.48,traveltodo,569,26/11/1975,25.68,26.63,23.3,27.05,24.46,26.61,23.71,27.11,24.21,24.58,21.35,25.49,23.22,25.26,22.31,25.9,23.26,23.31,21.21,26.25,23.19,23.94,19.26,26.33,23.23,23.95,18.0,23.9,22.55
Dar Khayam,61.152,Room Only,5,18.9,Hammamet,32.3,traveltodo,624,20/09/1996,61.152,63.7,56.28,64.45,56.88,62.57,55.23,62.41,56.26,63.98,51.51,58.96,53.04,55.27,52.14,64.01,56.93,55.85,53.24,53.0,52.2,53.48,53.86,53.55,51.46,58.87,49.08,62.04,54.75
LA RESIDENCE HAMMAMET,15.295,Bed & Breakfast,3,14.6,Hammamet,45.41,traveltodo,577,11/08/1977,15.295,15.86,14.01,16.24,14.59,15.36,13.6,15.35,13.75,15.59,12.72,14.84,13.34,14.67,12.95,16.03,13.46,14.16,12.23,13.89,12.59,14.49,11.99,12.94,11.28,14.46,10.39,14.75,13.64
Rosa Beach Thalasso & Spa,61.88,Soft Drinks Only,2,11.8,Monastir,30.48,traveltodo,329,14/01/1950,61.88,65.92,56.53,64.87,59.38,61.95,54.02,61.77,57.28,64.27,55.98,65.25,52.85,60.67,53.62,64.52,56.38,54.49,48.73,56.1,52.86,55.11,48.6,57.91,54.71,48.91,50.74,48.9,54.02
Marina Cap Monastir Appart Htel,19.44,Full Board,3,18.9,Monastir,5.63,traveltodo,543,16/04/1955,19.44,20.06,17.64,21.04,18.5,19.1,17.73,20.6,17.86,19.22,16.72,19.71,17.86,18.86,15.7,17.62,15.79,17.62,17.37,18.02,17.77,16.41,13.81,17.99,15.24,15.49,13.61,17.0,13.48
Delphin El Habib,38.4,Half Board,3,16.4,Monastir,26.24,traveltodo,786,05/01/1980,38.4,40.06,34.97,40.62,36.32,38.49,33.69,40.79,34.3,39.84,35.22,38.24,35.43,37.76,34.31,37.57,34.2,36.51,33.53,36.01,30.41,35.69,27.52,37.31,28.84,29.51,33.42,37.03,28.49
City Business Hotels,16.56,Room Only,2,11.1,Monastir,48.96,traveltodo,754,15/12/1954,16.56,17.48,15.1,17.95,15.41,17.24,15.23,17.22,15.13,15.61,14.9,16.91,15.43,16.67,13.21,15.46,14.42,16.29,13.56,16.8,13.38,14.17,14.68,16.47,12.35,12.88,13.64,13.98,13.23
El Mouradi Skanes,40.63,Half Board,4,16.8,Monastir,24.56,traveltodo,556,14/05/1961,40.63,42.1,36.93,43.11,38.5,41.03,37.1,42.91,37.74,41.71,34.91,39.85,35.91,36.27,35.51,39.79,34.62,40.04,36.01,41.65,33.98,35.2,29.12,33.41,34.89,35.21,31.09,40.29,34.92
Regency htel & SPA,39.1,Full Board,5,17.8,Monastir,29.48,traveltodo,739,09/01/1995,39.1,41.76,35.97,41.89,37.15,39.59,34.25,40.89,36.3,39.79,33.79,41.35,33.69,35.44,30.67,36.11,33.0,34.15,31.13,40.45,32.6,37.26,29.22,39.4,30.81,33.82,32.87,35.89,33.1
Cesar Palace,14.283,Half Board,3,17.2,Sousse,8.7,traveltodo,193,15/11/1960,14.283,15.19,13.14,15.42,13.27,14.69,12.54,15.04,13.23,13.74,12.18,15.09,12.45,14.07,12.37,13.99,11.95,13.37,11.82,13.96,12.33,12.88,12.06,11.94,12.93,13.31,10.19,12.58,10.61
Sousse Palace Htel & SPA,40.25,Soft Drinks Only,5,18.2,Sousse,9.13,traveltodo,258,25/08/1989,40.25,42.9,36.86,43.44,37.98,41.82,34.82,40.6,35.89,41.67,34.46,42.08,35.49,40.38,32.04,36.73,33.71,36.37,31.17,35.76,33.5,36.13,30.56,39.11,34.72,34.84,30.73,38.56,31.27
Movenpick Resort & Marine SPA,53.918,Soft Drinks Only,2,18.8,Sousse,3.06,traveltodo,574,21/03/1955,53.918,57.21,50.15,58.19,49.96,53.04,48.03,55.27,48.66,55.65,48.23,55.8,50.35,48.39,46.8,49.59,45.72,51.29,42.39,52.21,44.0,50.14,45.81,45.16,45.18,48.23,39.33,49.16,47.67
Riadh Palms Resort and Spa,83.981,Full Board,3,10.0,Sousse,32.38,traveltodo,907,01/09/2000,83.981,89.12,78.2,90.16,77.65,86.47,77.31,88.63,78.36,83.77,72.12,80.52,75.15,76.1,75.83,85.14,75.88,79.07,64.64,78.28,71.9,72.38,65.79,72.31,62.24,70.73,63.4,69.5,62.09
El Mouradi Palace,38.623,Room Only,5,17.1,Sousse,26.26,traveltodo,286,28/05/1969,38.623,40.18,35.92,41.98,36.05,38.57,35.38,39.69,34.06,36.92,33.65,39.73,36.23,35.32,30.21,39.29,34.41,37.36,29.91,37.86,29.7,33.31,28.79,34.16,31.66,35.45,26.46,37.17,30.99
El Mouradi Palm Marina,39.626,Room Only,5,12.4,Sousse,29.97,traveltodo,941,11/01/1954,39.626,42.12,36.97,42.55,37.14,40.99,34.85,41.24,36.41,40.42,35.76,39.91,34.72,37.56,31.05,37.74,32.09,35.72,32.11,39.44,32.81,33.97,30.55,37.1,28.98,39.34,33.14,34.31,33.44
Hotel Royal Jiinene,33.6,Soft Drinks Only,5,11.9,Sousse,2.34,traveltodo,907,22/10/1968,33.6,35.1,31.35,36.4,31.96,33.65,30.28,33.86,30.08,34.82,29.3,34.14,30.18,31.62,28.59,31.66,29.56,28.72,25.84,35.13,26.33,31.31,27.74,31.73,27.35,29.55,26.85,27.7,28.38
El Mouradi Port El Kantaoui,31.037,Soft Drinks Only,5,18.1,Sousse,5.64,traveltodo,180,09/07/1979,31.037,33.13,28.93,33.19,29.59,32.2,27.92,33.1,27.33,30.74,26.98,32.96,28.52,28.69,24.53,28.25,24.88,29.93,25.96,28.99,25.29,27.55,27.29,26.38,23.57,26.86,26.31,25.34,23.88
Hasdrubal Thalassa & Spa Port El Kantaoui,27.83,Bed & Breakfast,4,16.4,Sousse,10.74,traveltodo,323,06/04/1969,27.83,29.1,25.75,29.55,26.7,27.52,25.23,28.32,26.13,26.11,23.65,27.36,24.33,27.6,25.03,26.56,24.8,25.16,24.12,24.75,25.27,22.99,20.51,23.72,25.16,27.87,23.41,27.04,20.23
El Mouradi Club Kantaoui,31.412,Bed & Breakfast,3,15.9,Sousse,26.98,traveltodo,310,12/07/1993,31.412,32.69,28.94,33.69,29.62,31.03,28.53,32.36,29.4,32.63,27.58,33.22,26.93,31.11,27.85,28.99,25.81,30.76,26.55,28.38,27.38,29.75,27.43,30.13,27.34,24.96,27.29,29.42,26.28
El Mouradi Club Selima,25.018,Room Only,5,17.0,Sousse,44.81,traveltodo,791,05/05/1998,25.018,25.82,22.7,26.98,23.76,26.39,23.15,26.77,22.17,25.11,20.76,24.21,21.8,25.53,20.1,22.84,22.95,24.11,20.99,22.72,21.32,23.4,18.13,21.02,21.86,21.3,18.11,21.14,18.0
Hannibal Palace,26.4,Bed & Breakfast,3,17.5,Sousse,37.43,traveltodo,268,28/02/1970,26.4,28.08,24.35,28.58,24.42,27.93,22.86,26.67,24.5,25.15,21.77,26.3,22.97,25.16,22.86,26.48,21.58,25.11,23.79,24.94,21.35,21.57,22.14,23.1,22.63,20.27,19.52,23.57,22.05
Houria Palace,20.8,Full Board,3,14.9,Sousse,48.92,traveltodo,252,17/01/1992,20.8,21.67,19.5,21.93,19.6,20.39,19.22,21.85,19.69,20.86,19.02,21.86,17.61,20.18,17.73,20.0,16.9,19.6,15.91,19.92,18.5,18.22,17.03,21.37,16.68,20.94,17.19,18.25,15.02
Sindbad Center,13.92,Bed & Breakfast,3,15.9,Sousse,28.64,traveltodo,242,26/12/1962,13.92,14.47,12.84,14.89,13.29,14.28,12.8,14.72,13.22,13.62,12.05,14.25,11.7,12.92,11.1,14.46,11.45,14.2,11.8,13.12,11.03,13.51,11.37,11.53,12.41,12.17,11.72,11.98,9.93
Miramar Sharm El Kantaoui,19.2,Bed & Breakfast,2,15.4,Sousse,44.14,traveltodo,78,07/05/1971,19.2,20.31,17.42,20.27,18.24,20.07,17.25,20.35,17.55,19.31,17.67,18.87,17.88,18.42,15.83,17.72,16.38,17.07,14.3,18.01,15.56,16.24,14.08,17.65,16.31,15.32,14.31,18.29,14.9
Diar Mariem,12.0,Soft Drinks Only,3,15.8,Sousse,19.67,traveltodo,365,23/11/1960,12.0,12.83,10.9,12.64,11.13,11.95,10.34,12.27,11.01,12.33,10.07,11.94,10.81,11.92,9.77,11.47,10.63,11.96,10.13,11.78,9.6,11.44,10.01,10.8,8.83,9.93,8.59,9.71,9.52
Soviva Resort,31.46,Soft Drinks Only,5,19.7,Sousse,25.35,traveltodo,204,08/06/1965,31.46,32.64,28.72,34.06,29.89,31.14,27.4,32.95,29.78,31.35,26.63,32.4,28.66,28.58,25.35,29.46,25.17,30.65,26.79,31.06,28.15,29.5,27.17,30.56,24.42,24.43,25.19,31.43,27.19
Jinene,27.6,Full Board,3,13.5,Sousse,28.8,traveltodo,919,12/02/1974,27.6,28.72,25.29,29.36,25.72,28.91,25.19,29.43,24.69,28.0,24.99,27.75,25.32,24.88,23.56,26.26,23.5,23.9,21.1,25.2,21.46,23.65,21.59,28.51,21.77,23.23,19.49,26.25,19.27
